<?xml version="1.0" encoding="UTF-8"?>
<project-private xmlns="http://www.netbeans.org/ns/project-private/1">
    <editor-bookmarks xmlns="http://www.netbeans.org/ns/editor-bookmarks/2" lastBookmarkId="0"/>
    <open-files xmlns="http://www.netbeans.org/ns/projectui-open-files/2">
        <group>
            <file>file:/C:/Users/Mohammed%20Naufal/Desktop/CBRD_BEES_DISASTER_TIME_Compression/src/cbrd/MainFrame.java</file>
            <file>file:/C:/Users/Mohammed%20Naufal/Desktop/CBRD_BEES_DISASTER_TIME_Compression/src/cbrd/JPEGDecoderFrame.java</file>
            <file>file:/C:/Users/Mohammed%20Naufal/Desktop/CBRD_BEES_DISASTER_TIME_Compression/src/cbrd/Test1.java</file>
            <file>file:/C:/Users/Mohammed%20Naufal/Desktop/CBRD_BEES_DISASTER_TIME_Compression/src/cbrd/Main.java</file>
        </group>
    </open-files>
</project-private>
